GSC	https://youtu.be/oQecKXbJY8I
XY	https://youtu.be/bqsykWN8YB4
PMD Super	https://youtu.be/-XLdYSs4lcw
Conquest	https://youtu.be/uf0Aew9qly4
Battle Revolution	https://youtu.be/oKoUtUJ_0ZY
TCG 2	https://youtu.be/Kjjrec35hHM
TCG	https://youtu.be/usvxoUpANxA
Stadium - Round 1	https://youtu.be/pSXRt4_N-a0
Ranger	https://youtu.be/dWLypcpsLKY
SwSh	https://youtu.be/qSKnIDZRfaI
BDSP	https://youtu.be/MNQujTBDx-k
RSE	https://youtu.be/QzBL8UiKta8
PMD Explorers	https://youtu.be/m96z_IuNa40
BW2	https://youtu.be/ViJtEr9iiiw
Snap - The Rarest Pok√©mon	https://youtu.be/9LHOgmQ1D08
Colosseum	https://youtu.be/uNj4ZRb77VI
SV	https://youtu.be/Tbp-XLJ8PlQ
Snap - Your Work Is Done	https://youtu.be/CBzvp-Us0cM
SV - Indigo Disk	https://youtu.be/eKmeb07Hc6g
Ranger GS	https://youtu.be/tSFRiYK3r28
PMD Gates to Infinity	https://youtu.be/xyGKpFL0C40
New Snap	https://youtu.be/3UEF2TEnJ6I
XD	https://youtu.be/gXkpY4cSmY4
BW	https://youtu.be/9rgJfXbvkdM
USUM	https://youtu.be/e8ut_Zk7sjY
Quest	https://youtu.be/QfMEFE5qWK0
Stadium - Round 2	https://youtu.be/B00PMEcRbIU
Legends Arceus	https://youtu.be/2InwOj7oRhc
PMD Rescue Team	https://youtu.be/yUX4ldp7TmM
FRLG	https://youtu.be/VnHGcw_Q6Jo
Ranger SoA	https://youtu.be/JT7G5pTnSs0
SM	https://youtu.be/I1DHNO1fF6E